<?xml version="1.0" encoding="utf-8" standalone="yes"?>
<rss version="2.0" xmlns:atom="http://www.w3.org/2005/Atom">
  <channel>
    <title>Categories on Belanger Analytics</title>
    <link>/categories/</link>
    <description>Recent content in Categories on Belanger Analytics</description>
    <generator>Hugo -- gohugo.io</generator>
    <language>en-us</language>
    <lastBuildDate>Sun, 01 Aug 2021 21:29:20 +0200</lastBuildDate><atom:link href="/categories/index.xml" rel="self" type="application/rss+xml" />
    <item>
      <title>r packages</title>
      <link>/categories/r-packages/</link>
      <pubDate>Sun, 01 Aug 2021 21:29:20 +0200</pubDate>
      
      <guid>/categories/r-packages/</guid>
      <description></description>
    </item>
    
  </channel>
</rss>
