<?xml version="1.0" encoding="utf-8" standalone="yes"?>
<rss version="2.0" xmlns:atom="http://www.w3.org/2005/Atom">
  <channel>
    <title>Tags on Belanger Analytics</title>
    <link>/tags/</link>
    <description>Recent content in Tags on Belanger Analytics</description>
    <generator>Hugo -- gohugo.io</generator>
    <language>en-us</language>
    <lastBuildDate>Sun, 01 Aug 2021 21:29:20 +0200</lastBuildDate><atom:link href="/tags/index.xml" rel="self" type="application/rss+xml" />
    <item>
      <title>R</title>
      <link>/tags/r/</link>
      <pubDate>Sun, 01 Aug 2021 21:29:20 +0200</pubDate>
      
      <guid>/tags/r/</guid>
      <description></description>
    </item>
    
    <item>
      <title>social media analysis</title>
      <link>/tags/social-media-analysis/</link>
      <pubDate>Sun, 01 Aug 2021 21:29:20 +0200</pubDate>
      
      <guid>/tags/social-media-analysis/</guid>
      <description></description>
    </item>
    
    <item>
      <title>twitter</title>
      <link>/tags/twitter/</link>
      <pubDate>Sun, 01 Aug 2021 21:29:20 +0200</pubDate>
      
      <guid>/tags/twitter/</guid>
      <description></description>
    </item>
    
  </channel>
</rss>
