<?xml version="1.0" encoding="utf-8" standalone="yes"?>
<rss version="2.0" xmlns:atom="http://www.w3.org/2005/Atom">
  <channel>
    <title>R on Belanger Analytics</title>
    <link>/tags/r/</link>
    <description>Recent content in R on Belanger Analytics</description>
    <generator>Hugo -- gohugo.io</generator>
    <language>en-us</language>
    <lastBuildDate>Sun, 01 Aug 2021 21:29:20 +0200</lastBuildDate><atom:link href="/tags/r/index.xml" rel="self" type="application/rss+xml" />
    <item>
      <title>New R Package: storywranglr v0.2.0</title>
      <link>/blog/2021/08/01/2021-08-14-announcing-storywranglr-0.2.0/</link>
      <pubDate>Sun, 01 Aug 2021 21:29:20 +0200</pubDate>
      
      <guid>/blog/2021/08/01/2021-08-14-announcing-storywranglr-0.2.0/</guid>
      <description>We&amp;rsquo;re pleased to announce that version 0.2.0 of the R package storywranglr is now available on CRAN.
This package makes it easy to use the Storywrangler API to explore large-scale patterns in social media usage captured in Storywrangler, a data set of over 1 billion tweets from 2008 to 2021 (Alshaabi et al., 2021). This data is very helpful for tracing macro-trends in consumer interests and behaviour, and opens up a range of research avenues in marketing and the social sciences.</description>
    </item>
    
  </channel>
</rss>
