<?xml version="1.0" encoding="utf-8" standalone="yes"?>
<rss version="2.0" xmlns:atom="http://www.w3.org/2005/Atom">
  <channel>
    <title>Belanger Analytics</title>
    <link>/</link>
    <description>Recent content on Belanger Analytics</description>
    <generator>Hugo -- gohugo.io</generator>
    <language>en-us</language>
    <lastBuildDate>Sun, 01 Aug 2021 21:29:20 +0200</lastBuildDate><atom:link href="/index.xml" rel="self" type="application/rss+xml" />
    <item>
      <title>New R Package: storywranglr v0.2.0</title>
      <link>/blog/2021/08/01/2021-08-14-announcing-storywranglr-0.2.0/</link>
      <pubDate>Sun, 01 Aug 2021 21:29:20 +0200</pubDate>
      
      <guid>/blog/2021/08/01/2021-08-14-announcing-storywranglr-0.2.0/</guid>
      <description>We&amp;rsquo;re pleased to announce that version 0.2.0 of the R package storywranglr is now available on CRAN.
This package makes it easy to use the Storywrangler API to explore large-scale patterns in social media usage captured in Storywrangler, a data set of over 1 billion tweets from 2008 to 2021 (Alshaabi et al., 2021). This data is very helpful for tracing macro-trends in consumer interests and behaviour, and opens up a range of research avenues in marketing and the social sciences.</description>
    </item>
    
    <item>
      <title>Contact</title>
      <link>/contact/</link>
      <pubDate>Mon, 01 Jan 0001 00:00:00 +0000</pubDate>
      
      <guid>/contact/</guid>
      <description>We&amp;rsquo;d love to hear from you. Do you have questions that need answering? Data that needs wrangling? Decisions that need support? To learn more about our services and how we can help, just drop us a line.
There are two easy ways to reach us:
  Email us at: info@belangeranalytics.com.
  Or use the form below to send us a message.
  </description>
    </item>
    
    <item>
      <title>FAQ</title>
      <link>/about/</link>
      <pubDate>Mon, 01 Jan 0001 00:00:00 +0000</pubDate>
      
      <guid>/about/</guid>
      <description>Pellentesque habitant morbi tristique senectus et netus et malesuada fames ac turpis egestas. Vestibulum tortor quam, feugiat vitae, ultricies eget, tempor sit amet, ante. Donec eu libero sit amet quam egestas semper. Aenean ultricies mi vitae est. Mauris placerat eleifend leo.
 1. WHAT TO DO IF I HAVE STILL NOT RECEIVED THE ORDER? Pellentesque habitant morbi tristique senectus et netus et malesuada fames ac turpis egestas. Vestibulum tortor quam, feugiat vitae, ultricies eget, tempor sit amet, ante.</description>
    </item>
    
    <item>
      <title>FAQ</title>
      <link>/faq/</link>
      <pubDate>Mon, 01 Jan 0001 00:00:00 +0000</pubDate>
      
      <guid>/faq/</guid>
      <description>Pellentesque habitant morbi tristique senectus et netus et malesuada fames ac turpis egestas. Vestibulum tortor quam, feugiat vitae, ultricies eget, tempor sit amet, ante. Donec eu libero sit amet quam egestas semper. Aenean ultricies mi vitae est. Mauris placerat eleifend leo.
1. WHAT TO DO IF I HAVE STILL NOT RECEIVED THE ORDER? Pellentesque habitant morbi tristique senectus et netus et malesuada fames ac turpis egestas. Vestibulum tortor quam, feugiat vitae, ultricies eget, tempor sit amet, ante.</description>
    </item>
    
  </channel>
</rss>
